input,output
5621+102,5723
949+388,1337
311+791,1102
74874+410,75284
4097+307,4404
13960+104,14064
180+87049,87229
7716+3852,11568
727+72843,73570
256+817,1073
6564+9318,15882
547+3166,3713
457+8499,8956
450+3064,3514
137+52147,52284
5054+5966,11020
978+54549,55527
983+2075,3058
452+4523,4975
8252+315,8567
319+15729,16048
589+940,1529
309+7723,8032
300+795,1095
51076+936,52012
563+6185,6748
372+8906,9278
5453+803,6256
9667+141,9808
6949+114,7063
409+919,1328
5778+2670,8448
908+28999,29907
397+6216,6613
83598+758,84356
687+93556,94243
587+23617,24204
5953+9274,15227
18578+556,19134
5062+850,5912
195+62970,63165
349+42500,42849
835+963,1798
8659+972,9631
490+4347,4837
6737+2246,8983
959+93911,94870
39315+917,40232
837+5669,6506
37207+662,37869
36203+367,36570
3890+303,4193
236+39733,39969
21899+871,22770
1960+5526,7486
9396+191,9587
77559+553,78112
4282+323,4605
12667+699,13366
47404+586,47990
5872+4376,10248
635+556,1191
304+33079,33383
6793+476,7269
787+69378,70165
1441+8983,10424
5374+589,5963
41119+760,41879
80033+327,80360
281+9225,9506
2405+5417,7822
72959+512,73471
1826+2862,4688
9283+106,9389
92094+236,92330
5715+1839,7554
7503+729,8232
4523+3809,8332
487+740,1227
5990+8570,14560
82158+859,83017
49295+242,49537
5174+3429,8603
81835+446,82281
4048+214,4262
288+57100,57388
1628+961,2589
105+7297,7402
57244+551,57795
426+84047,84473
579+68417,68996
973+31786,32759
816+97440,98256
497+48767,49264
8559+7435,15994
485+568,1053
7170+7053,14223
4067+237,4304
285+375,660
111+1622,1733
75389+370,75759
266+92605,92871
1987+589,2576
5706+7869,13575
4649+5228,9877
2179+586,2765
5746+107,5853
149+95447,95596
643+401,1044
237+2334,2571
104+1843,1947
3755+3820,7575
531+297,828
428+95499,95927
349+80573,80922
289+914,1203
413+26869,27282
93450+680,94130
67535+853,68388
545+4511,5056
105+3802,3907
334+83146,83480
5220+129,5349
394+622,1016
3710+6033,9743
3713+719,4432
117+910,1027
58855+146,59001
6581+997,7578
136+31831,31967
490+607,1097
83007+368,83375
715+3082,3797
27678+659,28337
518+4183,4701
194+272,466
318+88148,88466
8038+432,8470
234+769,1003
793+2428,3221
671+1666,2337
429+66627,67056
4881+4601,9482
289+6757,7046
2881+691,3572
544+772,1316
973+293,1266
6646+968,7614
488+6927,7415
9010+2171,11181
9789+9562,19351
835+319,1154
3199+276,3475
65170+253,65423
8237+589,8826
716+84344,85060
882+8842,9724
993+54746,55739
576+7881,8457
460+97079,97539
32479+729,33208
23773+664,24437
8306+7999,16305
123+1965,2088
839+314,1153
2279+687,2966
768+141,909
9344+7326,16670
7903+5716,13619
910+1064,1974
4231+9103,13334
4951+438,5389
7561+4722,12283
738+897,1635
130+9166,9296
124+7120,7244
11961+583,12544
344+25688,26032
2088+5762,7850
913+481,1394
954+421,1375
73709+255,73964
898+55649,56547
5073+5527,10600
4881+207,5088
578+42934,43512
8248+8697,16945
725+261,986
397+41613,42010
956+3174,4130
785+9637,10422
889+125,1014
4943+653,5596
656+7120,7776
955+7205,8160
448+201,649
6572+270,6842
290+6532,6822
445+188,633
4871+4633,9504
5865+415,6280
45498+783,46281
2133+838,2971
9082+882,9964
8566+868,9434
292+9047,9339
94497+750,95247
20665+148,20813
4407+9142,13549
3278+3475,6753
6426+507,6933
8656+561,9217
845+925,1770
556+51445,52001
185+55296,55481
300+91573,91873
329+59521,59850
970+473,1443
346+344,690
52365+471,52836
8305+4754,13059
898+88707,89605
9850+482,10332
2695+217,2912
40388+250,40638
1464+766,2230
9476+1395,10871
375+93933,94308
318+22912,23230
24783+462,25245
15679+374,16053
8062+9257,17319
83218+648,83866
2413+9464,11877
868+68807,69675
371+8836,9207
9923+194,10117
594+422,1016
59225+188,59413
28038+949,28987
5360+234,5594
8315+8046,16361
5134+3213,8347
552+79325,79877
879+6840,7719
55511+564,56075
284+623,907
6082+1234,7316
1841+6631,8472
3265+5367,8632
1983+367,2350
900+594,1494
8246+6071,14317
17594+849,18443
528+174,702
473+73849,74322
270+614,884
5793+9990,15783
289+10710,10999
31082+138,31220
6976+667,7643
9683+9270,18953
396+7722,8118
9245+117,9362
711+246,957
118+33065,33183
135+4617,4752
347+906,1253
3925+9656,13581
16282+184,16466
3597+408,4005
1211+487,1698
329+52054,52383
7351+621,7972
193+32466,32659
25293+488,25781
145+52811,52956
323+529,852
3453+5843,9296
905+3095,4000
8460+8851,17311
501+474,975
513+5504,6017
538+19798,20336
2812+6321,9133
8975+935,9910
3832+6103,9935
1138+667,1805
701+276,977
251+22185,22436
144+80295,80439
1011+8361,9372
405+596,1001
4359+177,4536
75429+838,76267
52290+422,52712
961+84593,85554
496+6583,7079
42508+927,43435
5706+982,6688
449+86812,87261
3110+814,3924
526+51666,52192
2962+5837,8799
61825+605,62430
408+33547,33955
223+64281,64504
9536+4190,13726
1664+808,2472
839+1177,2016
4315+7454,11769
279+424,703
948+1251,2199
7078+297,7375
91745+575,92320
9065+973,10038
1143+983,2126
703+3375,4078
9837+8197,18034
872+6181,7053
2789+415,3204
4267+799,5066
9713+3734,13447
78849+189,79038
4808+1291,6099
185+51284,51469
315+1024,1339
19799+992,20791
758+6661,7419
73902+621,74523
354+67518,67872
87035+871,87906
318+38434,38752
294+8200,8494
771+11923,12694
7279+5067,12346
981+82781,83762
42325+187,42512
2970+9188,12158
943+990,1933
544+381,925
938+537,1475
85464+355,85819
667+41676,42343
418+67803,68221
3309+963,4272
6025+656,6681
193+5751,5944
996+1624,2620
867+29692,30559
629+4007,4636
585+573,1158
1905+8761,10666
257+54500,54757
237+47611,47848
24361+366,24727
632+8833,9465
672+934,1606
6292+8151,14443
5285+4256,9541
9036+9967,19003
922+183,1105
1917+278,2195
3988+3079,7067
565+399,964
839+4194,5033
11581+465,12046
740+774,1514
612+72918,73530
4491+671,5162
699+91304,92003
6487+893,7380
952+321,1273
5752+8658,14410
2164+3173,5337
678+2823,3501
106+8438,8544
501+316,817
633+1591,2224
891+902,1793
5314+411,5725
580+544,1124
2786+619,3405
5975+347,6322
697+6410,7107
30130+483,30613
190+2174,2364
961+3670,4631
9255+3115,12370
7191+5449,12640
22130+543,22673
8728+439,9167
617+8672,9289
97296+347,97643
97808+818,98626
121+1867,1988
3454+1875,5329
898+42248,43146
432+3581,4013
331+627,958
625+5515,6140
857+4102,4959
419+51442,51861
594+7232,7826
906+2063,2969
879+9468,10347
435+8100,8535
805+97523,98328
847+60848,61695
8307+887,9194
479+11454,11933
350+9932,10282
966+75448,76414
91212+343,91555
7417+458,7875
973+3866,4839
138+187,325
5512+266,5778
8298+453,8751
4029+709,4738
3280+3628,6908
928+110,1038
195+6903,7098
326+13517,13843
257+279,536
62150+908,63058
370+967,1337
56032+593,56625
585+57154,57739
2953+4793,7746
5124+660,5784
963+6859,7822
92912+955,93867
3346+945,4291
814+7882,8696
508+42282,42790
9796+7948,17744
79717+296,80013
5333+6509,11842
511+735,1246
34300+335,34635
12719+506,13225
235+237,472
80635+755,81390
94530+862,95392
8520+5376,13896
8242+2280,10522
3635+8154,11789
26857+587,27444
2535+5289,7824
4304+1724,6028
3062+419,3481
62238+769,63007
407+6351,6758
351+46136,46487
9479+595,10074
63207+510,63717
3846+9471,13317
28369+638,29007
1623+5383,7006
581+7617,8198
1325+677,2002
8350+500,8850
5867+575,6442
27325+878,28203
898+894,1792
27028+266,27294
9542+2627,12169
101+50725,50826
941+645,1586
5554+3654,9208
330+87904,88234
5767+983,6750
216+954,1170
166+6211,6377
80876+360,81236
192+789,981
959+57411,58370
81466+353,81819
3385+8519,11904
294+743,1037
438+49993,50431
4836+361,5197
4158+4762,8920
48362+101,48463
7457+8696,16153
623+863,1486
5715+4979,10694
524+8780,9304
244+1157,1401
57627+126,57753
538+8119,8657
9783+7001,16784
236+819,1055
2005+3291,5296
136+251,387
137+3532,3669
77384+113,77497
51742+305,52047
4610+3424,8034
414+724,1138
968+3484,4452
280+63411,63691
70381+581,70962
385+628,1013
752+21417,22169
1840+1265,3105
269+809,1078
3708+8941,12649
4003+8407,12410
6519+5860,12379
242+32653,32895
199+333,532
160+7452,7612
8302+3738,12040
53136+150,53286
8583+9540,18123
4107+7518,11625
658+891,1549
2858+9719,12577
770+896,1666
548+250,798
7705+2843,10548
607+1479,2086
591+866,1457
901+47181,48082
8888+2628,11516
630+7874,8504
8769+7327,16096
2374+648,3022
1985+5635,7620
62933+888,63821
52692+972,53664
118+15589,15707
430+8088,8518
6366+4269,10635
7678+789,8467
7802+4946,12748
8501+208,8709
48232+855,49087
309+9408,9717
51778+886,52664
945+524,1469
7832+625,8457
937+81654,82591
5289+4930,10219
145+51632,51777
476+36987,37463
746+521,1267
4778+1192,5970
657+68773,69430
8304+5526,13830
689+9957,10646
402+83279,83681
8263+6337,14600
1500+444,1944
220+27624,27844
60064+339,60403
402+575,977
9493+851,10344
825+8060,8885
595+207,802
388+3657,4045
752+24759,25511
1564+1107,2671
87260+374,87634
582+5081,5663
603+5039,5642
89941+466,90407
609+63878,64487
740+666,1406
141+111,252
1832+6214,8046
560+483,1043
207+7255,7462
261+562,823
6092+865,6957
235+26380,26615
8032+942,8974
9580+305,9885
3303+162,3465
4254+6116,10370
6401+2213,8614
914+3394,4308
22260+132,22392
7512+721,8233
5247+7458,12705
5615+742,6357
386+7245,7631
4730+285,5015
384+59051,59435
6689+6236,12925
709+512,1221
3738+653,4391
582+1318,1900
6046+2543,8589
3301+661,3962
469+939,1408
4525+8869,13394
9751+6669,16420
869+502,1371
774+9325,10099
8947+9546,18493
738+1760,2498
179+7217,7396
863+7197,8060
372+6348,6720
5419+307,5726
56302+192,56494
530+61329,61859
708+1935,2643
7419+381,7800
511+569,1080
8631+754,9385
3730+892,4622
887+982,1869
5740+3184,8924
2030+796,2826
953+3938,4891
32934+600,33534
153+2219,2372
5716+3357,9073
7728+732,8460
9455+171,9626
4468+9442,13910
2601+8447,11048
89640+307,89947
7046+9485,16531
496+75813,76309
409+2363,2772
704+4467,5171
5067+226,5293
719+40506,41225
473+321,794
540+3675,4215
8752+5827,14579
286+45226,45512
498+255,753
878+7480,8358
7884+7900,15784
316+902,1218
47282+675,47957
8402+8177,16579
146+386,532
889+1300,2189
89769+382,90151
6490+5138,11628
4955+8614,13569
97437+418,97855
6838+3072,9910
1824+1398,3222
661+180,841
740+437,1177
403+79476,79879
453+1595,2048
5217+9999,15216
285+202,487
538+95881,96419
392+60581,60973
792+20062,20854
601+300,901
2377+205,2582
7536+524,8060
62926+942,63868
157+17928,18085
67526+813,68339
951+36551,37502
53396+799,54195
746+69651,70397
7203+189,7392
609+99229,99838
7013+5051,12064
5626+690,6316
9550+7179,16729
34137+890,35027
284+534,818
560+35579,36139
68834+424,69258
711+2258,2969
4373+433,4806
88798+514,89312
706+72187,72893
3258+5517,8775
387+60876,61263
322+69086,69408
2078+502,2580
671+5313,5984
371+269,640
565+885,1450
778+196,974
520+2859,3379
842+26836,27678
4079+456,4535
805+2810,3615
809+2636,3445
430+79298,79728
353+87078,87431
239+6113,6352
54327+665,54992
216+4398,4614
713+5613,6326
8252+7517,15769
69930+632,70562
333+3900,4233
53029+643,53672
818+18856,19674
665+898,1563
595+14267,14862
205+9393,9598
96079+517,96596
855+97819,98674
800+7347,8147
743+501,1244
713+181,894
6158+8803,14961
3992+324,4316
9580+4584,14164
5899+827,6726
9592+2146,11738
756+4192,4948
639+13379,14018
2163+8812,10975
477+6214,6691
559+192,751
38131+337,38468
94675+430,95105
213+6688,6901
281+31268,31549
8401+992,9393
879+2711,3590
311+439,750
4082+848,4930
340+2276,2616
9075+528,9603
735+50675,51410
2340+8467,10807
281+96010,96291
357+63469,63826
452+65332,65784
63554+209,63763
8772+790,9562
9858+400,10258
2039+804,2843
532+358,890
418+59902,60320
6063+9971,16034
944+21232,22176
6994+691,7685
843+87748,88591
671+65265,65936
930+8383,9313
56117+134,56251
1089+2658,3747
9515+292,9807
160+53068,53228
657+1361,2018
694+58387,59081
9530+8565,18095
377+86373,86750
529+4247,4776
189+579,768
85894+330,86224
8995+1174,10169
67762+308,68070
13907+360,14267
6242+156,6398
209+9646,9855
45718+407,46125
273+23271,23544
546+936,1482
308+577,885
39833+739,40572
1725+7873,9598
232+14749,14981
271+3887,4158
3228+3784,7012
386+23939,24325
501+8578,9079
574+138,712
6194+9708,15902
511+984,1495
628+66485,67113
308+477,785
3760+668,4428
7820+416,8236
8391+622,9013
733+5075,5808
319+9388,9707
936+7382,8318
7206+138,7344
38245+123,38368
412+144,556
494+437,931
8741+486,9227
19929+707,20636
158+51027,51185
3447+374,3821
9098+6765,15863
4681+5634,10315
486+3762,4248
895+5120,6015
5827+934,6761
880+351,1231
4978+7419,12397
7110+9543,16653
17358+984,18342
303+5940,6243
391+4727,5118
616+29809,30425
35756+754,36510
331+578,909
2960+302,3262
273+573,846
4867+9290,14157
644+8549,9193
551+766,1317
7790+122,7912
936+660,1596
63044+323,63367
8044+118,8162
2578+5988,8566
355+661,1016
60311+684,60995
591+63856,64447
9900+3070,12970
3668+949,4617
1046+6442,7488
525+6831,7356
234+7403,7637
298+551,849
52529+692,53221
67594+276,67870
447+849,1296
4377+687,5064
57131+470,57601
205+85423,85628
541+39358,39899
4686+8860,13546
623+8479,9102
1312+6068,7380
3389+460,3849
3410+3736,7146
13239+251,13490
7951+960,8911
243+803,1046
362+4152,4514
35404+160,35564
7434+452,7886
931+980,1911
817+535,1352
737+69513,70250
2710+4237,6947
218+4985,5203
4688+195,4883
123+751,874
46509+487,46996
4535+887,5422
35545+429,35974
236+511,747
7262+333,7595
980+470,1450
55267+762,56029
5415+331,5746
47584+668,48252
318+186,504
1279+297,1576
8487+188,8675
936+45659,46595
7129+4683,11812
7227+8574,15801
68516+809,69325
6053+1213,7266
458+738,1196
8203+321,8524
8085+8405,16490
531+2821,3352
20746+513,21259
65125+557,65682
3660+9822,13482
9375+8167,17542
597+1248,1845
625+55073,55698
760+370,1130
88713+856,89569
2042+5908,7950
7887+8003,15890
803+67873,68676
1550+315,1865
144+14748,14892
635+884,1519
7387+697,8084
161+767,928
774+450,1224
214+68561,68775
576+6376,6952
389+39308,39697
1615+3328,4943
3915+323,4238
933+74750,75683
146+6189,6335
440+1631,2071
220+719,939
238+110,348
168+604,772
357+1674,2031
7232+933,8165
400+66613,67013
918+10130,11048
842+1402,2244
751+4557,5308
2360+147,2507
466+43825,44291
331+63159,63490
970+6743,7713
2047+238,2285
8591+9962,18553
6938+6762,13700
7745+3355,11100
160+20267,20427
205+510,715
4706+6726,11432
209+601,810
78887+971,79858
528+1250,1778
5702+562,6264
177+6521,6698
5534+5581,11115
306+9123,9429
35861+185,36046
62326+514,62840
327+98333,98660
28651+718,29369
3374+570,3944
3624+5160,8784
3867+158,4025
669+28175,28844
4974+276,5250
1307+7831,9138
7763+7043,14806
4866+575,5441
93403+881,94284
2582+594,3176
9365+6697,16062
216+9870,10086
91419+690,92109
759+76350,77109
320+32333,32653
407+7642,8049
6055+175,6230
2284+231,2515
121+1654,1775
96568+180,96748
18588+184,18772
8638+8510,17148
852+6393,7245
917+107,1024
20106+285,20391
2041+488,2529
627+3835,4462
716+629,1345
634+6809,7443
524+495,1019
723+91252,91975
9487+823,10310
968+2018,2986
2168+254,2422
5545+4853,10398
4822+891,5713
255+1551,1806
873+730,1603
643+7515,8158
24800+933,25733
6133+4997,11130
7778+386,8164
83298+975,84273
468+23482,23950
878+56522,57400
5529+3219,8748
252+25496,25748
7816+4283,12099
8137+745,8882
777+58954,59731
3082+2673,5755
6880+9356,16236
435+994,1429
1995+839,2834
476+1396,1872
8171+6697,14868
609+457,1066
9085+668,9753
448+24072,24520
3700+543,4243
9771+2580,12351
6445+4935,11380
32530+837,33367
2557+453,3010
559+5776,6335
9802+9708,19510
15855+713,16568
444+315,759
271+217,488
1543+222,1765
616+188,804
501+7837,8338
2881+345,3226
4463+4114,8577
9510+927,10437
4489+1413,5902
251+72789,73040
270+119,389
737+731,1468
653+219,872
101+10018,10119
811+5094,5905
316+58602,58918
9730+3502,13232
411+20513,20924
974+486,1460
78310+553,78863
4823+3677,8500
320+95994,96314
775+98737,99512
315+9095,9410
52274+158,52432
268+3345,3613
482+51079,51561
449+529,978
5303+233,5536
32040+984,33024
974+14295,15269
1863+6210,8073
420+672,1092
456+1725,2181
2978+1921,4899
367+5905,6272
970+744,1714
712+883,1595
388+99001,99389
610+446,1056
8606+176,8782
116+23227,23343
7739+3572,11311
193+1333,1526
325+453,778
889+2678,3567
298+79276,79574
96799+161,96960
4236+433,4669
385+7622,8007
20706+898,21604
898+177,1075
6660+795,7455
644+5554,6198
38781+807,39588
4602+672,5274
510+621,1131
4579+512,5091
713+737,1450
1394+3218,4612
871+862,1733
301+454,755
541+3472,4013
7656+7187,14843
95790+100,95890
709+503,1212
52562+794,53356
414+3371,3785
730+630,1360
1017+7395,8412
8983+5085,14068
5061+8975,14036
546+296,842
116+75470,75586
209+2150,2359
4064+310,4374
195+843,1038
2064+581,2645
4514+487,5001
658+8187,8845
88146+463,88609
525+8836,9361
9823+7962,17785
538+5741,6279
88158+822,88980
8125+2531,10656
526+5719,6245
5337+746,6083
1056+304,1360
773+158,931
258+42544,42802
918+1280,2198
959+8435,9394
838+7602,8440
775+174,949
1979+313,2292
956+963,1919
288+420,708
6215+7395,13610
355+29265,29620
9293+811,10104
9147+4076,13223
5112+724,5836
8790+306,9096
834+64980,65814
87396+755,88151
82325+667,82992
897+62126,63023
1872+829,2701
599+83004,83603
285+91453,91738
476+36031,36507
24006+828,24834
750+6382,7132
36237+614,36851
2292+702,2994
213+2315,2528
6335+988,7323
918+161,1079
364+317,681
433+881,1314
5276+4906,10182
606+49408,50014
237+3599,3836
5979+2587,8566
4310+929,5239
326+638,964
540+9805,10345
814+4836,5650
228+669,897
3464+2418,5882
6546+835,7381
116+4770,4886
7111+554,7665
4769+9867,14636
801+68515,69316
941+211,1152
8211+462,8673
454+826,1280
68528+542,69070
588+4068,4656
218+62032,62250
157+3795,3952
55676+261,55937
358+7066,7424
772+5824,6596
725+11678,12403
690+772,1462
2465+110,2575
99479+264,99743
961+561,1522
457+72662,73119
71432+782,72214
7817+289,8106
250+8393,8643
16776+180,16956
7091+1455,8546
891+1336,2227
644+402,1046
44487+162,44649
1394+5257,6651
5242+9575,14817
2498+558,3056
52157+917,53074
94138+666,94804
745+50937,51682
397+2691,3088
74916+715,75631
695+401,1096
553+8611,9164
625+6764,7389
766+11058,11824
6583+9935,16518
1636+280,1916
3270+860,4130
646+14818,15464
40502+219,40721
281+857,1138
960+7862,8822
9012+1506,10518
181+17634,17815
1051+903,1954
4823+945,5768
949+1986,2935
7958+348,8306
59972+782,60754
767+564,1331
9503+6132,15635
6609+4074,10683
8601+715,9316
175+704,879
822+8778,9600
410+198,608
6594+6960,13554
32337+921,33258
3987+305,4292
891+30959,31850
604+9870,10474
462+46249,46711
220+5766,5986
801+777,1578
66912+648,67560
208+610,818
591+10227,10818
336+6276,6612
5316+2781,8097
1300+2601,3901
6559+367,6926
839+1287,2126
343+507,850
26458+299,26757
297+1596,1893
71211+192,71403
9288+6958,16246
385+81476,81861
131+51036,51167
775+27749,28524
701+340,1041
2744+7576,10320
7295+3524,10819
85899+577,86476
662+73214,73876
723+18607,19330
61885+969,62854
950+315,1265
9368+8888,18256
684+2870,3554
3845+936,4781
804+701,1505
8932+1173,10105
9894+7588,17482
474+2898,3372
497+50291,50788
116+36620,36736
779+8897,9676
6545+640,7185
590+20010,20600
226+6802,7028
18449+946,19395
1292+7387,8679
4912+618,5530
64926+750,65676
644+83566,84210
692+62146,62838
18592+145,18737
222+92818,93040
497+745,1242
8820+8015,16835
7145+2059,9204
349+964,1313
93002+797,93799
242+734,976
575+422,997
33967+901,34868
38986+703,39689
471+732,1203
180+712,892
2829+5483,8312
953+129,1082
4991+5000,9991
820+3489,4309
49841+992,50833
184+2090,2274
396+81870,82266
336+620,956
99105+545,99650
2452+4216,6668
801+68383,69184
8756+7024,15780
1587+6161,7748
367+431,798
879+5919,6798
519+848,1367
636+736,1372
149+75930,76079
563+250,813
168+525,693
7698+6534,14232
4992+427,5419
621+547,1168
6580+4117,10697
5103+6344,11447
45737+512,46249
71159+763,71922
137+476,613
913+17348,18261
413+507,920
482+5531,6013
66878+164,67042
61535+836,62371
82229+853,83082
792+5179,5971
523+280,803
383+5434,5817
786+7188,7974
879+9859,10738
638+241,879
709+126,835
166+42901,43067
86866+165,87031
344+7824,8168
580+23065,23645
6244+7596,13840
1887+974,2861
943+349,1292
459+829,1288
1183+936,2119
55556+320,55876
718+140,858
146+233,379
92181+987,93168
7751+6073,13824
760+7356,8116
5846+8833,14679
8479+241,8720
9213+392,9605
8559+8407,16966
354+62487,62841
68053+853,68906
7833+208,8041
840+9664,10504
191+239,430
9299+245,9544
9437+3551,12988
918+7514,8432
6989+6066,13055
5903+6758,12661
771+736,1507
875+935,1810
869+4942,5811
7000+5885,12885
7472+4110,11582
354+2390,2744
6636+1510,8146
3867+9912,13779
331+8262,8593
695+1667,2362
454+866,1320
5152+9738,14890
51473+767,52240
796+6084,6880
15790+525,16315
37442+766,38208
7739+5595,13334
60882+246,61128
897+3415,4312
964+156,1120
6544+3398,9942
556+847,1403
17544+632,18176
625+7632,8257
811+2777,3588
6038+2180,8218
246+19352,19598
6321+7589,13910
18695+726,19421
14445+799,15244
70968+199,71167
867+162,1029
8025+114,8139
9048+3332,12380
7625+489,8114
18783+794,19577
949+86157,87106
744+133,877
41006+984,41990
4046+7408,11454
213+196,409
2544+8774,11318
452+500,952
60840+206,61046
108+397,505
305+5684,5989
310+78445,78755
9494+937,10431
4533+7954,12487
478+96594,97072
3275+7387,10662
97632+467,98099
3526+224,3750
828+417,1245
10939+432,11371
7201+409,7610
3544+437,3981
75927+824,76751
7986+2279,10265
9907+504,10411
701+53594,54295
608+785,1393
351+89865,90216
88223+455,88678
3294+672,3966
5187+114,5301
7399+975,8374
256+4091,4347
803+71668,72471
646+99050,99696
982+750,1732
6390+5818,12208
9533+6097,15630
344+7549,7893
627+787,1414
6352+1332,7684
6389+770,7159
209+573,782
21441+211,21652
699+20151,20850
607+65369,65976
4550+470,5020
2724+5053,7777
240+6535,6775
41264+503,41767
3061+2401,5462
281+5312,5593
977+738,1715
58126+562,58688
2518+4304,6822
992+990,1982
3313+108,3421
620+91596,92216
1884+627,2511
969+256,1225
65701+962,66663
5025+247,5272
8721+1215,9936
86476+975,87451
5865+6306,12171
804+7974,8778
1669+785,2454
649+5721,6370
7267+606,7873
787+92363,93150
453+82910,83363
881+731,1612
694+8546,9240
3975+558,4533
4146+140,4286
400+110,510
238+40359,40597
24158+481,24639
527+821,1348
7272+848,8120
9099+647,9746
9330+8309,17639
7942+282,8224
998+59777,60775
2710+3156,5866
3252+8481,11733
818+29359,30177
4264+7895,12159
7735+3861,11596
1070+1569,2639
932+653,1585
632+207,839
76515+873,77388
973+313,1286
4427+4492,8919
137+205,342
5765+3844,9609
93465+770,94235
152+320,472
651+206,857
309+934,1243
185+77681,77866
11621+523,12144
196+56401,56597
7746+8155,15901
477+8155,8632
8692+7934,16626
50491+312,50803
846+42196,43042
650+360,1010
726+3311,4037
857+53343,54200
352+91397,91749
6702+445,7147
752+7821,8573
36517+699,37216
657+4430,5087
97339+872,98211
92632+516,93148
583+58567,59150
840+44707,45547
643+807,1450
23450+198,23648
2795+9896,12691
916+21430,22346
751+928,1679
993+864,1857
123+5364,5487
7132+6209,13341
537+26607,27144
398+7104,7502
4556+6308,10864
93437+196,93633
1203+682,1885
260+94411,94671
849+4576,5425
137+903,1040
2592+690,3282
513+85784,86297
68157+772,68929
6950+488,7438
8940+7699,16639
6950+4359,11309
809+71220,72029
6566+1998,8564
490+45432,45922
7081+3865,10946
833+330,1163
995+489,1484
578+340,918
48606+763,49369
453+61123,61576
3891+564,4455
830+240,1070
3432+8153,11585
994+16772,17766
418+67808,68226
965+82056,83021
908+382,1290
696+998,1694
470+766,1236
822+5196,6018
380+22974,23354
8929+429,9358
76197+575,76772
2859+302,3161
258+6945,7203
31183+108,31291
254+3639,3893
601+860,1461
487+1674,2161
4334+589,4923
333+6846,7179
2482+976,3458
671+680,1351
8645+9738,18383
3238+7370,10608
492+83709,84201
93013+340,93353
43637+227,43864
671+5108,5779
351+75861,76212
528+73849,74377
540+7395,7935
3727+649,4376
3922+629,4551
159+489,648
47478+948,48426
312+69363,69675
8233+522,8755
5607+6788,12395
4172+682,4854
75017+574,75591
397+696,1093
483+230,713
797+410,1207
1003+553,1556
96757+100,96857
42769+107,42876
147+402,549
713+32459,33172
941+66338,67279
4865+4645,9510
1035+7876,8911
732+4629,5361
4553+1828,6381
614+996,1610
236+52959,53195
3475+6218,9693
68466+505,68971
611+574,1185
821+867,1688
7957+4711,12668
140+67182,67322
202+15013,15215
4055+538,4593
8607+446,9053
4232+526,4758
539+3483,4022
907+398,1305
367+3770,4137
82579+353,82932
8672+6126,14798
698+23839,24537
881+29890,30771
262+22305,22567
921+8094,9015
739+46488,47227
8308+616,8924
870+8594,9464
7167+560,7727
32782+549,33331
62934+429,63363
702+272,974
14435+255,14690
797+9424,10221
4535+122,4657
66899+969,67868
437+516,953
3789+2839,6628
6443+414,6857
369+2265,2634
176+7744,7920
7604+7939,15543
341+200,541
959+47983,48942
3537+3247,6784
278+647,925
8465+227,8692
476+4502,4978
92762+573,93335
242+779,1021
129+9970,10099
27466+532,27998
681+6033,6714
440+2964,3404
2341+3737,6078
38609+172,38781
920+536,1456
5996+943,6939
825+4399,5224
9336+750,10086
49050+653,49703
758+410,1168
251+5311,5562
4799+3271,8070
617+375,992
986+492,1478
578+4748,5326
696+5929,6625
504+4433,4937
573+816,1389
456+50308,50764
13388+377,13765
404+55047,55451
812+6550,7362
860+57441,58301
5064+1248,6312
138+96979,97117
599+38328,38927
6640+7109,13749
6012+9652,15664
96194+992,97186
461+17990,18451
40993+194,41187
256+908,1164
61432+671,62103
268+58410,58678
3892+407,4299
2041+460,2501
39431+778,40209
301+677,978
243+76102,76345
1301+160,1461
83516+880,84396
915+380,1295
460+967,1427
386+70414,70800
491+12980,13471
7574+4351,11925
468+97312,97780
660+2973,3633
86184+868,87052
8110+4530,12640
2592+248,2840
9229+192,9421
56166+428,56594
731+2078,2809
745+87305,88050
922+1789,2711
5303+8366,13669
8321+750,9071
2745+9749,12494
51629+432,52061
48648+169,48817
28996+316,29312
323+8690,9013
901+42995,43896
69093+262,69355
1839+9874,11713
800+410,1210
96788+483,97271
867+515,1382
474+32195,32669
839+717,1556
6518+3025,9543
3019+379,3398
823+7194,8017
335+7219,7554
22633+629,23262
576+8104,8680
117+96243,96360
5627+3039,8666
985+2344,3329
380+3079,3459
808+37022,37830
2263+5606,7869
11871+670,12541
675+43322,43997
3071+549,3620
942+61890,62832
958+480,1438
907+99679,100586
746+615,1361
93863+496,94359
49677+920,50597
255+778,1033
7054+7698,14752
830+57111,57941
789+36918,37707
533+6097,6630
831+2680,3511
68867+101,68968
967+54864,55831
26361+773,27134
926+24455,25381
8463+612,9075
92476+585,93061
3335+8024,11359
710+16442,17152
3270+8788,12058
179+28021,28200
1472+7130,8602
3261+2195,5456
770+47672,48442
3661+538,4199
893+901,1794
64844+967,65811
3668+821,4489
454+220,674
6462+382,6844
1566+983,2549
315+48452,48767
92907+316,93223
670+98334,99004
692+8341,9033
5459+7889,13348
82167+782,82949
8363+7223,15586
759+6871,7630
8479+2663,11142
1111+601,1712
27456+861,28317
513+720,1233
940+953,1893
98983+943,99926
425+46127,46552
476+476,952
8060+7467,15527
593+74072,74665
238+7368,7606
451+1005,1456
39185+867,40052
8016+8565,16581
40010+846,40856
63103+437,63540
3636+737,4373
727+3581,4308
732+15929,16661
615+26888,27503
923+468,1391
8247+9648,17895
602+104,706
29808+872,30680
734+8735,9469
1172+1349,2521
817+85654,86471
183+6474,6657
2330+6991,9321
82980+933,83913
283+283,566
861+375,1236
273+26181,26454
423+962,1385
160+6918,7078
6748+1676,8424
220+2772,2992
9855+7031,16886
562+6326,6888
236+4724,4960
509+160,669
2788+8825,11613
121+2345,2466
477+5168,5645
7497+310,7807
5241+3766,9007
980+76241,77221
258+22533,22791
1358+872,2230
504+683,1187
576+64866,65442
450+9874,10324
284+60239,60523
7000+8668,15668
142+492,634
812+648,1460
317+2391,2708
874+91136,92010
559+7142,7701
9696+5098,14794
55425+687,56112
91166+822,91988
4491+8195,12686
55709+897,56606
5387+7550,12937
563+48333,48896
4878+6990,11868
6844+8257,15101
89054+937,89991
822+35134,35956
936+2783,3719
943+66483,67426
916+330,1246
340+21672,22012
157+33964,34121
8815+373,9188
370+816,1186
591+133,724
8014+135,8149
2941+333,3274
764+83347,84111
674+865,1539
477+851,1328
765+8811,9576
212+700,912
4706+957,5663
84215+436,84651
507+53354,53861
3208+320,3528
616+385,1001
468+302,770
683+79328,80011
275+24874,25149
779+38669,39448
9431+153,9584
195+15005,15200
845+702,1547
58622+905,59527
180+20253,20433
323+6906,7229
97064+825,97889
7906+333,8239
118+5537,5655
49691+521,50212
28999+472,29471
995+57802,58797
161+35886,36047
951+872,1823
741+17814,18555
1043+4802,5845
9989+9099,19088
870+222,1092
203+3837,4040
106+8789,8895
3625+5473,9098
673+2366,3039
522+616,1138
844+6430,7274
4678+934,5612
25526+770,26296
795+26848,27643
8744+911,9655
13398+300,13698
141+529,670
868+5071,5939
6863+7282,14145
503+873,1376
8884+370,9254
52662+725,53387
426+26534,26960
14751+389,15140
12552+602,13154
6188+2456,8644
830+579,1409
970+240,1210
7479+9464,16943
4867+9728,14595
24344+440,24784
768+3315,4083
1883+572,2455
9598+139,9737
513+255,768
288+72485,72773
460+96321,96781
2073+419,2492
9808+2848,12656
6779+118,6897
8632+5534,14166
5958+9485,15443
542+377,919
687+2500,3187
1726+565,2291
685+611,1296
580+3969,4549
7733+315,8048
474+5135,5609
474+21904,22378
293+2292,2585
319+862,1181
548+7340,7888
5695+1193,6888
861+80380,81241
564+58148,58712
282+5079,5361
79674+778,80452
2894+875,3769
2952+582,3534
640+4945,5585
472+47894,48366
3661+4973,8634
322+735,1057
174+3818,3992
57126+450,57576
432+96719,97151
217+4029,4246
2348+142,2490
2038+6998,9036
3712+188,3900
99059+861,99920
227+384,611
8721+146,8867
5619+747,6366
62408+955,63363
4546+649,5195
309+55258,55567
1267+3212,4479
5961+8382,14343
9465+844,10309
3011+8605,11616
47772+906,48678
599+2386,2985
252+902,1154
922+517,1439
616+115,731
1376+371,1747
3255+8391,11646
485+79779,80264
98913+675,99588
2649+2339,4988
605+81141,81746
519+2864,3383
98427+173,98600
564+590,1154
9280+758,10038
439+6846,7285
545+65632,66177
92070+116,92186
8610+808,9418
162+4506,4668
662+22398,23060
481+1557,2038
96204+635,96839
25801+449,26250
767+5955,6722
6601+378,6979
9453+874,10327
6768+766,7534
703+132,835
17353+373,17726
857+14342,15199
661+82204,82865
690+27059,27749
8263+5985,14248
482+4007,4489
4789+9581,14370
7403+668,8071
3663+597,4260
601+1009,1610
840+3015,3855
6227+789,7016
336+120,456
545+31700,32245
201+8965,9166
8215+216,8431
900+71109,72009
816+56918,57734
883+8133,9016
500+96192,96692
829+27336,28165
4497+840,5337
7113+3338,10451
3300+9621,12921
810+9849,10659
5646+3379,9025
150+46782,46932
2277+315,2592
477+647,1124
4899+9354,14253
9402+7949,17351
154+9515,9669
599+8619,9218
9179+151,9330
1535+5937,7472
801+6125,6926
873+2251,3124
908+20948,21856
626+7610,8236
2956+670,3626
90952+693,91645
5022+583,5605
116+47744,47860
3396+300,3696
473+92482,92955
493+4377,4870
687+13430,14117
7629+3502,11131
93739+397,94136
20767+812,21579
570+56416,56986
7408+140,7548
51152+249,51401
800+58025,58825
880+1282,2162
808+7292,8100
531+220,751
78355+519,78874
3447+622,4069
2689+805,3494
74534+701,75235
6459+797,7256
116+109,225
1798+898,2696
292+88207,88499
41997+775,42772
9191+6426,15617
536+53484,54020
63285+205,63490
843+558,1401
1215+6478,7693
1023+402,1425
472+33565,34037
5913+8777,14690
498+5096,5594
4989+514,5503
8296+765,9061
518+93090,93608
770+1282,2052
623+526,1149
127+9151,9278
208+64488,64696
309+6277,6586
335+47812,48147
627+786,1413
553+423,976
77578+826,78404
701+1035,1736
603+6345,6948
648+2200,2848
96933+834,97767
3013+9246,12259
357+995,1352
5465+8403,13868
25802+852,26654
8335+3000,11335
6525+8545,15070
4094+7565,11659
1261+189,1450
2774+7249,10023
716+7584,8300
970+75656,76626
4732+3833,8565
229+270,499
21919+672,22591
7493+8935,16428
186+145,331
5407+605,6012
27770+774,28544
3268+2363,5631
42537+323,42860
330+7830,8160
269+1548,1817
832+20211,21043
14494+245,14739
5191+506,5697
287+857,1144
810+9641,10451
260+52948,53208
914+15861,16775
390+60636,61026
431+324,755
915+5330,6245
2206+883,3089
6230+840,7070
933+9505,10438
249+79920,80169
621+2894,3515
374+4937,5311
580+6900,7480
66297+707,67004
358+55109,55467
90621+422,91043
59426+582,60008
3725+571,4296
268+9197,9465
699+72525,73224
4275+799,5074
20218+252,20470
108+559,667
9120+9172,18292
3140+588,3728
603+468,1071
20195+944,21139
357+43581,43938
813+956,1769
6788+4851,11639
1724+3376,5100
476+443,919
614+14518,15132
3957+465,4422
952+4059,5011
63577+624,64201
5467+125,5592
399+907,1306
679+987,1666
47603+674,48277
862+6123,6985
7347+847,8194
5030+5180,10210
194+5098,5292
88295+336,88631
189+33180,33369
1540+999,2539
36618+310,36928
203+47680,47883
5478+7132,12610
208+1145,1353
5753+8290,14043
8510+7624,16134
630+4060,4690
65684+611,66295
76408+907,77315
4262+4333,8595
1896+468,2364
1872+5971,7843
602+674,1276
4907+358,5265
27577+873,28450
70058+137,70195
370+974,1344
687+6079,6766
802+5863,6665
133+66064,66197
6031+9039,15070
63546+185,63731
670+62514,63184
685+301,986
36385+416,36801
5564+785,6349
192+51133,51325
2084+138,2222
504+507,1011
1866+2375,4241
383+5728,6111
970+4033,5003
737+7602,8339
4928+4130,9058
6149+5859,12008
2132+886,3018
4092+968,5060
6933+1206,8139
580+225,805
1670+328,1998
9812+7304,17116
49504+748,50252
422+186,608
9383+620,10003
5588+4057,9645
99584+128,99712
216+560,776
9644+5052,14696
610+87141,87751
325+7000,7325
4137+5469,9606
482+955,1437
7646+7750,15396
6674+482,7156
566+654,1220
470+789,1259
677+72337,73014
802+27826,28628
280+666,946
6301+497,6798
5041+659,5700
445+82369,82814
7581+3765,11346
395+316,711
609+3611,4220
203+5108,5311
7207+6086,13293
871+72703,73574
885+490,1375
9250+7333,16583
146+63647,63793
4091+161,4252
791+2674,3465
203+15587,15790
646+5509,6155
8725+3585,12310
694+59682,60376
387+9308,9695
2143+5830,7973
202+44771,44973
100+1759,1859
20484+751,21235
53054+210,53264
76720+697,77417
353+962,1315
183+895,1078
6439+3186,9625
537+852,1389
6247+1885,8132
307+3975,4282
139+74101,74240
336+1565,1901
42319+111,42430
78253+691,78944
86080+783,86863
81585+134,81719
179+53247,53426
264+3176,3440
542+13563,14105
31326+179,31505
1793+6538,8331
39314+335,39649
393+5513,5906
58520+118,58638
333+778,1111
357+9290,9647
724+45741,46465
3398+5477,8875
13716+952,14668
660+94676,95336
8354+8254,16608
490+552,1042
60856+581,61437
563+77767,78330
387+6953,7340
5304+1869,7173
860+403,1263
32423+916,33339
862+457,1319
5059+679,5738
403+1633,2036
8803+208,9011
932+84783,85715
367+2698,3065
1235+925,2160
101+421,522
6907+351,7258
522+4508,5030
548+485,1033
919+83726,84645
6448+249,6697
166+5255,5421
992+947,1939
29350+598,29948
779+4198,4977
56481+940,57421
4154+941,5095
5233+184,5417
3752+3082,6834
887+42936,43823
250+67451,67701
4854+253,5107
7051+2739,9790
698+87480,88178
564+3609,4173
4932+8041,12973
83795+565,84360
740+271,1011
543+25501,26044
4549+4848,9397
8989+1769,10758
31618+735,32353
414+595,1009
157+1022,1179
464+6150,6614
728+33106,33834
418+92185,92603
5735+323,6058
4161+724,4885
982+46468,47450
958+875,1833
315+2865,3180
4609+1087,5696
490+3173,3663
5539+4993,10532
890+808,1698
7373+9468,16841
707+7973,8680
667+104,771
8613+2962,11575
594+7720,8314
999+14945,15944
36548+983,37531
705+2552,3257
40920+994,41914
82654+608,83262
923+695,1618
157+654,811
115+846,961
7379+406,7785
160+20920,21080
10344+781,11125
796+4428,5224
943+9657,10600
18190+392,18582
161+30882,31043
9626+5695,15321
3020+761,3781
3400+1170,4570
268+25334,25602
8507+505,9012
9419+2040,11459
5241+7589,12830
7513+493,8006
509+4459,4968
365+406,771
8785+1172,9957
601+60234,60835
9261+8215,17476
8074+151,8225
6613+6013,12626
8491+1189,9680
5922+7387,13309
6596+258,6854
500+7461,7961
936+96243,97179
7542+605,8147
7703+132,7835
38029+697,38726
738+3247,3985
136+926,1062
37314+585,37899
7026+5637,12663
1390+695,2085
931+712,1643
6299+508,6807
5351+126,5477
790+118,908
49535+170,49705
7494+6141,13635
45131+367,45498
9351+913,10264
144+3325,3469
1780+964,2744
3122+7689,10811
2757+8024,10781
3527+8828,12355
72306+765,73071
387+994,1381
80906+782,81688
930+142,1072
363+36081,36444
134+650,784
85841+772,86613
5933+398,6331
891+7078,7969
3800+997,4797
4208+558,4766
70162+667,70829
29190+709,29899
905+382,1287
148+272,420
785+1142,1927
317+115,432
4715+927,5642
49071+734,49805
5768+8815,14583
230+9898,10128
2382+587,2969
1394+7671,9065
1249+349,1598
51743+232,51975
932+4669,5601
211+30018,30229
6958+8910,15868
255+96603,96858
884+5091,5975
153+46989,47142
378+10189,10567
917+8930,9847
140+4867,5007
7944+379,8323
3198+644,3842
820+943,1763
417+8980,9397
4912+227,5139
7130+2346,9476
356+9122,9478
26924+808,27732
170+283,453
8923+161,9084
468+30574,31042
106+73607,73713
323+29663,29986
2573+3255,5828
3884+6007,9891
698+78752,79450
57632+384,58016
4878+971,5849
4756+8629,13385
801+35705,36506
80522+322,80844
945+17210,18155
4647+2689,7336
7813+3803,11616
1461+4649,6110
614+929,1543
261+254,515
7410+8029,15439
42909+531,43440
5060+5156,10216
99134+315,99449
103+4863,4966
570+69122,69692
1970+286,2256
56920+832,57752
790+54286,55076
3458+681,4139
40221+882,41103
260+66184,66444
846+2185,3031
3334+898,4232
95252+934,96186
41156+972,42128
941+103,1044
7421+4763,12184
41526+687,42213
637+7402,8039
657+797,1454
793+376,1169
247+96490,96737
87367+212,87579
4267+9363,13630
188+97159,97347
42418+725,43143
849+83196,84045
3424+8334,11758
1427+258,1685
322+7780,8102
919+93544,94463
505+4114,4619
184+639,823
6453+3341,9794
89323+223,89546
819+8947,9766
900+42585,43485
187+978,1165
4999+742,5741
131+5380,5511
14886+959,15845
20177+476,20653
3753+1489,5242
62948+105,63053
601+4237,4838
994+43023,44017
8615+2303,10918
852+7445,8297
294+6925,7219
827+9421,10248
996+679,1675
481+68233,68714
452+8107,8559
8034+4603,12637
3811+423,4234
897+66989,67886
611+428,1039
1859+5558,7417
6773+468,7241
8877+625,9502
274+5950,6224
592+191,783
7589+129,7718
3679+441,4120
62583+568,63151
883+67425,68308
480+168,648
652+3155,3807
73571+570,74141
355+789,1144
764+4477,5241
502+321,823
2494+125,2619
930+3149,4079
76413+980,77393
768+8779,9547
959+8601,9560
712+3894,4606
403+7261,7664
904+49905,50809
227+26687,26914
5776+5925,11701
958+50769,51727
17441+462,17903
614+78290,78904
795+460,1255
9354+4157,13511
528+4351,4879
7971+654,8625
5939+6713,12652
1040+6503,7543
75742+588,76330
4678+667,5345
818+5549,6367
944+6697,7641
460+7111,7571
448+46919,47367
3805+177,3982
9630+7506,17136
296+9490,9786
41275+554,41829
547+13851,14398
695+440,1135
790+657,1447
242+8499,8741
84774+729,85503
234+72573,72807
1433+515,1948
74643+101,74744
399+368,767
204+77327,77531
857+1054,1911
9128+9908,19036
865+93955,94820
86503+963,87466
388+787,1175
1530+737,2267
681+6610,7291
12703+478,13181
5504+3609,9113
2028+761,2789
8954+298,9252
352+706,1058
171+67480,67651
592+6273,6865
6533+8814,15347
16340+645,16985
573+92215,92788
942+687,1629
987+97810,98797
4648+164,4812
1014+2129,3143
76580+722,77302
3738+793,4531
5217+9077,14294
669+767,1436
564+1396,1960
7476+4340,11816
50810+810,51620
184+658,842
1439+325,1764
766+10679,11445
19740+656,20396
221+46201,46422
327+177,504
8295+217,8512
850+6809,7659
5034+386,5420
702+7121,7823
407+36828,37235
9695+978,10673
38038+131,38169
33576+509,34085
458+88013,88471
6625+5479,12104
9133+2938,12071
61943+199,62142
845+598,1443
568+712,1280
799+787,1586
806+19916,20722
2255+580,2835
4973+5849,10822
952+53554,54506
911+87152,88063
883+3728,4611
222+433,655
2611+260,2871
2783+2985,5768
2461+4982,7443
6852+7618,14470
102+308,410
24693+272,24965
6148+7899,14047
4996+735,5731
71884+267,72151
475+864,1339
70703+693,71396
9358+946,10304
285+9540,9825
2559+218,2777
6167+1058,7225
9133+288,9421
67461+304,67765
492+68432,68924
975+7847,8822
3639+9046,12685
7082+923,8005
6544+1305,7849
5829+9394,15223
441+203,644
722+117,839
90554+569,91123
95279+335,95614
848+8288,9136
805+3982,4787
721+3530,4251
91190+243,91433
596+291,887
4503+707,5210
262+635,897
6768+3137,9905
32176+947,33123
450+4803,5253
58942+107,59049
886+166,1052
621+7218,7839
720+243,963
3050+7470,10520
9326+665,9991
56267+679,56946
9729+956,10685
907+324,1231
206+5779,5985
637+871,1508
363+811,1174
1623+139,1762
784+273,1057
39297+528,39825
58311+511,58822
289+42912,43201
49754+353,50107
795+74734,75529
546+4652,5198
260+2453,2713
90371+828,91199
548+32179,32727
865+5354,6219
325+543,868
81998+581,82579
4285+3551,7836
318+71893,72211
633+166,799
560+903,1463
4827+186,5013
97831+114,97945
511+8618,9129
245+334,579
409+57709,58118
793+396,1189
4730+7001,11731
43565+268,43833
132+95136,95268
4054+534,4588
2752+7138,9890
502+6670,7172
678+147,825
11299+781,12080
268+2336,2604
729+1786,2515
987+918,1905
741+5209,5950
44845+366,45211
165+128,293
191+953,1144
910+611,1521
8282+884,9166
902+12300,13202
7800+2970,10770
14947+924,15871
808+48990,49798
5874+3581,9455
742+840,1582
890+99066,99956
602+484,1086
7719+551,8270
4110+507,4617
999+596,1595
94099+181,94280
552+7394,7946
8903+5195,14098
970+75733,76703
237+4586,4823
595+67148,67743
477+694,1171
147+782,929
525+34626,35151
9251+6894,16145
9015+811,9826
58226+796,59022
637+366,1003
97050+615,97665
189+68232,68421
256+613,869
93963+945,94908
4912+351,5263
6852+6108,12960
64153+211,64364
64976+681,65657
971+414,1385
328+64758,65086
916+8584,9500
820+962,1782
432+7381,7813
973+401,1374
4639+227,4866
7270+8704,15974
676+3256,3932
5941+1715,7656
127+4361,4488
40946+947,41893
194+1391,1585
213+26479,26692
2940+832,3772
551+900,1451
4287+5709,9996
8688+1418,10106
98902+302,99204
232+3710,3942
4193+6277,10470
2075+5529,7604
793+9404,10197
209+6864,7073
716+44880,45596
4120+5073,9193
7903+5583,13486
2857+8726,11583
3698+275,3973
658+80275,80933
1387+6176,7563
774+7056,7830
9313+598,9911
418+599,1017
325+4582,4907
74583+435,75018
970+354,1324
54261+880,55141
303+94211,94514
495+41656,42151
63644+786,64430
8029+124,8153
9604+609,10213
3532+753,4285
368+7720,8088
93132+805,93937
8759+4325,13084
843+73576,74419
226+8191,8417
46862+307,47169
497+5463,5960
385+12489,12874
730+774,1504
6572+967,7539
32823+907,33730
6377+310,6687
6216+2222,8438
86486+146,86632
967+507,1474
233+489,722
75337+714,76051
8413+174,8587
4952+9219,14171
147+9493,9640
207+6610,6817
5358+1431,6789
2439+7647,10086
9735+224,9959
683+759,1442
293+3854,4147
7916+6813,14729
287+407,694
41894+911,42805
720+3913,4633
3345+833,4178
7800+832,8632
1772+9987,11759
341+33915,34256
3911+846,4757
751+5297,6048
964+724,1688
815+17945,18760
155+8756,8911
276+442,718
825+71015,71840
3821+609,4430
375+7325,7700
406+4253,4659
4797+978,5775
8209+8694,16903
500+7504,8004
511+90904,91415
9742+1812,11554
567+500,1067
259+756,1015
813+33163,33976
230+2674,2904
270+9462,9732
275+908,1183
295+5106,5401
3459+2860,6319
7434+892,8326
20428+346,20774
369+2697,3066
4257+240,4497
670+5320,5990
6511+447,6958
9075+117,9192
115+21111,21226
940+8456,9396
968+802,1770
1763+3770,5533
6053+6639,12692
328+1965,2293
9562+934,10496
492+508,1000
6199+689,6888
61652+939,62591
92638+476,93114
664+57107,57771
7939+7413,15352
1787+718,2505
49269+175,49444
99147+268,99415
2360+731,3091
522+154,676
7567+1527,9094
7852+7277,15129
3654+2674,6328
115+78397,78512
6110+5821,11931
9248+516,9764
94532+870,95402
989+2291,3280
8605+2177,10782
74949+723,75672
8258+675,8933
995+7293,8288
184+87461,87645
495+7886,8381
229+176,405
7598+4669,12267
66344+389,66733
815+843,1658
676+4878,5554
727+1183,1910
77169+907,78076
208+8029,8237
168+415,583
468+8637,9105
397+4603,5000
5128+371,5499
87018+731,87749
896+1065,1961
3397+265,3662
7569+910,8479
18307+743,19050
8970+847,9817
8593+765,9358
324+637,961
632+2399,3031
3951+889,4840
6702+941,7643
872+822,1694
768+305,1073
836+6867,7703
325+87884,88209
6915+5414,12329
575+47684,48259
73868+460,74328
65998+702,66700
1614+8247,9861
4854+3425,8279
277+38801,39078
832+22620,23452
1209+736,1945
19521+677,20198
631+243,874
52125+718,52843
3910+1674,5584
811+95318,96129
701+705,1406
89710+812,90522
9025+950,9975
5447+982,6429
161+3613,3774
7134+9134,16268
176+6840,7016
3619+5749,9368
14197+328,14525
41631+254,41885
908+96876,97784
900+7011,7911
863+303,1166
996+5249,6245
6430+813,7243
2164+961,3125
7592+471,8063
9527+497,10024
158+822,980
97148+909,98057
103+713,816
896+472,1368
43665+849,44514
398+57341,57739
29359+750,30109
303+762,1065
445+87998,88443
319+77607,77926
549+518,1067
844+937,1781
855+94488,95343
729+4849,5578
573+8522,9095
3054+963,4017
44943+146,45089
790+607,1397
556+21640,22196
833+771,1604
2293+6920,9213
40169+942,41111
451+8403,8854
62058+974,63032
134+3027,3161
5336+1856,7192
808+877,1685
123+776,899
888+2595,3483
7550+7598,15148
5999+225,6224
874+948,1822
509+81143,81652
9328+3745,13073
9085+1156,10241
544+4876,5420
4236+7477,11713
7179+821,8000
92986+524,93510
37129+223,37352
425+13542,13967
8633+815,9448
7582+416,7998
7830+134,7964
306+4679,4985
77029+213,77242
621+947,1568
113+57064,57177
669+50948,51617
288+85241,85529
922+8640,9562
48309+416,48725
22390+798,23188
327+34426,34753
396+8904,9300
2217+140,2357
2750+1765,4515
686+1015,1701
68822+139,68961
874+8816,9690
9668+3523,13191
5424+4617,10041
8699+435,9134
5506+549,6055
9630+7984,17614
855+6828,7683
8557+4164,12721
766+923,1689
7430+7884,15314
837+26897,27734
606+894,1500
33451+459,33910
6727+204,6931
22360+515,22875
515+20650,21165
181+1720,1901
948+38034,38982
99544+697,100241
92378+502,92880
501+566,1067
54424+491,54915
811+676,1487
783+2722,3505
681+5483,6164
6967+4990,11957
369+33809,34178
5216+1016,6232
19769+708,20477
3955+9291,13246
327+2855,3182
971+115,1086
1911+1576,3487
8328+3732,12060
960+7034,7994
3878+4773,8651
63658+672,64330
5011+655,5666
836+47594,48430
6833+9440,16273
541+43488,44029
393+180,573
3012+561,3573
765+6328,7093
4576+6673,11249
44542+136,44678
425+19599,20024
93032+229,93261
4893+1417,6310
75940+355,76295
5560+468,6028
8209+6440,14649
977+925,1902
5341+489,5830
28007+287,28294
632+164,796
2538+4858,7396
208+48403,48611
663+5199,5862
82588+648,83236
841+126,967
1453+1509,2962
286+68317,68603
9240+414,9654
89455+212,89667
111+7012,7123
1304+174,1478
775+46305,47080
16645+325,16970
396+8059,8455
17568+322,17890
2130+4769,6899
317+2464,2781
4424+5479,9903
917+51321,52238
5188+5660,10848
9077+5964,15041
416+396,812
780+714,1494
7645+599,8244
290+9298,9588
864+182,1046
3139+6474,9613
8082+970,9052
950+6794,7744
829+618,1447
687+61902,62589
502+7176,7678
828+90551,91379
5353+9596,14949
52037+127,52164
76821+807,77628
48281+721,49002
543+50434,50977
44267+367,44634
220+94429,94649
909+81370,82279
8950+832,9782
39998+498,40496
42488+104,42592
758+1603,2361
646+957,1603
7872+1774,9646
1780+617,2397
8098+972,9070
96072+823,96895
47553+671,48224
9282+1790,11072
5464+7672,13136
2390+352,2742
726+5892,6618
7401+565,7966
3718+902,4620
295+1004,1299
4484+5902,10386
695+53412,54107
207+82668,82875
2905+119,3024
9190+609,9799
967+409,1376
447+4960,5407
1919+639,2558
211+6522,6733
776+79735,80511
940+492,1432
5645+402,6047
287+711,998
483+9169,9652
669+408,1077
9294+426,9720
596+8406,9002
567+4287,4854
3357+8045,11402
3875+642,4517
838+704,1542
4946+5858,10804
5690+742,6432
482+2535,3017
410+909,1319
1810+2605,4415
3765+3405,7170
351+66765,67116
8566+1940,10506
623+16634,17257
814+78466,79280
61367+167,61534
671+784,1455
9122+128,9250
742+9301,10043
269+7129,7398
5054+419,5473
5039+5978,11017
300+5807,6107
351+6130,6481
2910+102,3012
7721+907,8628
72088+684,72772
5475+107,5582
676+330,1006
4527+6418,10945
9862+7696,17558
111+7838,7949
48053+234,48287
75507+808,76315
8332+481,8813
647+94446,95093
9538+8133,17671
1404+7886,9290
127+99765,99892
502+341,843
6480+721,7201
164+222,386
2875+5986,8861
319+991,1310
243+834,1077
32094+268,32362
9355+175,9530
538+6690,7228
98550+702,99252
455+2098,2553
44313+326,44639
780+595,1375
277+86246,86523
685+6331,7016
559+992,1551
1938+255,2193
6002+8893,14895
2892+5325,8217
5554+9837,15391
9438+5971,15409
9565+8215,17780
901+264,1165
9194+208,9402
9903+459,10362
885+685,1570
8857+3724,12581
667+342,1009
3110+972,4082
5329+1049,6378
491+1019,1510
380+97172,97552
9339+991,10330
56136+568,56704
549+8915,9464
756+596,1352
671+62347,63018
656+3179,3835
294+610,904
4666+2381,7047
758+67778,68536
4810+6838,11648
8967+2411,11378
5218+4776,9994
577+83609,84186
3401+9460,12861
6098+2272,8370
113+49065,49178
923+211,1134
7333+9984,17317
7426+761,8187
721+51801,52522
696+592,1288
928+7177,8105
1947+6710,8657
59885+515,60400
351+9353,9704
6391+5722,12113
517+571,1088
98514+614,99128
196+83432,83628
704+526,1230
20309+139,20448
978+2758,3736
542+4507,5049
269+39511,39780
563+607,1170
9263+208,9471
170+33779,33949
1682+5690,7372
141+31427,31568
414+852,1266
787+9721,10508
233+855,1088
446+39820,40266
545+62834,63379
714+17366,18080
34688+779,35467
1433+7714,9147
7323+301,7624
53670+168,53838
511+823,1334
5081+803,5884
249+4385,4634
680+182,862
6185+460,6645
3519+7185,10704
202+85793,85995
9841+5908,15749
306+2741,3047
116+8706,8822
131+85934,86065
119+9319,9438
611+84195,84806
7254+978,8232
9698+2088,11786
450+90620,91070
1904+125,2029
986+93407,94393
3671+448,4119
2221+1681,3902
543+511,1054
4376+1158,5534
21794+416,22210
38960+126,39086
831+83390,84221
920+120,1040
92904+154,93058
5005+8486,13491
992+13213,14205
606+718,1324
12444+874,13318
70481+793,71274
494+1467,1961
147+9379,9526
186+375,561
882+1553,2435
8113+553,8666
5734+745,6479
11032+369,11401
946+441,1387
45159+502,45661
39389+349,39738
217+62968,63185
9960+804,10764
209+2712,2921
48774+318,49092
144+84308,84452
882+6409,7291
9102+416,9518
416+413,829
987+547,1534
296+884,1180
6633+670,7303
36527+730,37257
980+248,1228
3818+8408,12226
321+2471,2792
732+83865,84597
89384+962,90346
46705+966,47671
3907+2518,6425
2267+3990,6257
6585+4626,11211
574+964,1538
6661+3822,10483
92792+840,93632
623+2054,2677
57555+599,58154
399+681,1080
164+8759,8923
6670+7305,13975
451+4079,4530
7973+456,8429
62499+690,63189
461+90141,90602
984+6370,7354
2801+713,3514
234+2181,2415
357+65272,65629
61895+697,62592
20041+772,20813
4702+330,5032
15189+412,15601
858+11052,11910
9567+425,9992
633+575,1208
646+6459,7105
5896+292,6188
5830+1537,7367
3011+4357,7368
5713+818,6531
72410+303,72713
4785+321,5106
666+719,1385
3930+5784,9714
7734+789,8523
818+9368,10186
2627+1732,4359
4038+738,4776
643+102,745
101+4188,4289
6760+880,7640
464+49290,49754
2628+322,2950
12155+760,12915
86247+104,86351
6188+8448,14636
663+8599,9262
650+12067,12717
3339+8267,11606
731+43358,44089
82600+992,83592
378+28882,29260
6281+130,6411
40806+974,41780
467+6722,7189
140+2893,3033
7524+3423,10947
226+58990,59216
1151+386,1537
707+44246,44953
209+2748,2957
8176+4902,13078
5998+3794,9792
315+57464,57779
12114+848,12962
487+491,978
864+770,1634
1310+3311,4621
7961+661,8622
2387+1260,3647
342+7622,7964
226+70013,70239
7011+228,7239
114+785,899
74309+402,74711
1202+736,1938
325+973,1298
299+529,828
6037+6412,12449
3970+975,4945
5348+405,5753
807+2352,3159
69039+315,69354
178+67737,67915
626+8475,9101
327+77914,78241
56325+254,56579
425+6528,6953
759+802,1561
746+593,1339
9170+447,9617
2855+9030,11885
856+534,1390
552+453,1005
4028+807,4835
3018+9663,12681
3550+3564,7114
1229+169,1398
8889+7114,16003
29534+282,29816
1994+495,2489
3445+877,4322
291+155,446
901+88853,89754
5826+453,6279
57561+183,57744
2008+458,2466
1599+690,2289
108+44412,44520
333+19210,19543
541+98057,98598
809+4505,5314
766+92257,93023
633+8701,9334
942+683,1625
483+892,1375
163+22075,22238
57413+352,57765
292+8662,8954
159+37091,37250
50314+376,50690
70656+519,71175
550+28039,28589
219+5010,5229
216+748,964
8044+745,8789
2989+490,3479
736+961,1697
528+55955,56483
127+361,488
6030+7957,13987
3146+293,3439
8721+8873,17594
959+749,1708
346+83619,83965
4749+819,5568
601+87998,88599
195+70900,71095
85194+867,86061
6209+677,6886
99363+962,100325
672+7244,7916
992+604,1596
41423+410,41833
608+9956,10564
735+972,1707
826+654,1480
28340+365,28705
90633+934,91567
673+9730,10403
5708+662,6370
5773+922,6695
476+636,1112
350+607,957
7702+1080,8782
170+966,1136
62992+729,63721
589+9108,9697
484+9001,9485
447+5855,6302
4348+2649,6997
69312+364,69676
839+560,1399
1147+5729,6876
811+41972,42783
501+4430,4931
1004+518,1522
3669+403,4072
4747+8481,13228
4768+993,5761
718+5549,6267
267+1266,1533
945+181,1126
168+8554,8722
3703+5037,8740
361+84917,85278
84509+941,85450
9099+125,9224
131+50963,51094
84542+640,85182
359+48440,48799
22207+471,22678
442+28388,28830
22570+509,23079
764+396,1160
3586+6198,9784
6236+3853,10089
656+9110,9766
202+44016,44218
709+40487,41196
187+652,839
2233+4253,6486
362+677,1039
7991+348,8339
31246+858,32104
468+607,1075
973+137,1110
282+8915,9197
5134+539,5673
4833+1795,6628
425+579,1004
6718+5542,12260
23274+737,24011
897+2880,3777
250+374,624
4754+4369,9123
886+777,1663
193+2471,2664
332+763,1095
460+84159,84619
367+4534,4901
4042+470,4512
35810+441,36251
2342+4499,6841
481+859,1340
739+113,852
440+11803,12243
22110+101,22211
252+968,1220
659+613,1272
48684+125,48809
8284+500,8784
8065+5939,14004
5762+6672,12434
926+75065,75991
531+7514,8045
20726+100,20826
3332+844,4176
118+1165,1283
8658+6778,15436
98905+436,99341
7118+8001,15119
859+839,1698
3500+719,4219
6395+6933,13328
2757+9508,12265
955+798,1753
38536+334,38870
7237+4706,11943
648+133,781
107+55799,55906
40953+624,41577
577+449,1026
3507+8697,12204
492+6696,7188
16104+878,16982
218+89202,89420
4912+177,5089
1180+5355,6535
8921+157,9078
177+8254,8431
775+139,914
122+83045,83167
45193+952,46145
759+42968,43727
942+190,1132
34669+987,35656
680+857,1537
236+54416,54652
590+15517,16107
214+67728,67942
388+25958,26346
4633+317,4950
513+4758,5271
2062+6638,8700
9096+282,9378
109+68169,68278
6432+9809,16241
1007+2244,3251
726+3520,4246
6742+893,7635
479+3643,4122
23632+552,24184
42239+422,42661
2539+9776,12315
894+13299,14193
143+442,585
131+2590,2721
6907+8601,15508
840+69716,70556
823+847,1670
935+8870,9805
788+24242,25030
51697+859,52556
22558+974,23532
5664+387,6051
7924+139,8063
89145+862,90007
1837+4119,5956
409+71744,72153
87058+921,87979
56028+724,56752
7210+311,7521
754+47715,48469
924+18978,19902
9327+7012,16339
4753+1676,6429
3425+946,4371
455+6947,7402
75656+989,76645
820+9167,9987
329+338,667
3001+7031,10032
9887+587,10474
1211+4825,6036
7702+100,7802
6949+700,7649
3665+7600,11265
9179+3050,12229
9564+346,9910
8183+791,8974
4550+713,5263
359+7448,7807
3250+5919,9169
510+7862,8372
6357+5151,11508
68282+885,69167
253+8940,9193
3348+3923,7271
223+480,703
6014+991,7005
1520+3635,5155
619+85132,85751
7511+468,7979
14785+368,15153
172+94458,94630
6354+672,7026
4576+9094,13670
3238+827,4065
1752+5236,6988
3755+160,3915
2562+7932,10494
200+5359,5559
8645+7963,16608
9724+4416,14140
1123+4300,5423
917+3249,4166
743+5011,5754
3301+7479,10780
4153+3038,7191
740+6244,6984
4078+417,4495
6365+687,7052
497+9224,9721
8324+577,8901
236+9430,9666
223+2005,2228
9115+261,9376
6935+290,7225
2714+2376,5090
6400+919,7319
101+911,1012
8403+255,8658
904+31680,32584
5332+6903,12235
67358+263,67621
42558+893,43451
929+2041,2970
2148+8026,10174
424+698,1122
78382+234,78616
483+9527,10010
86003+373,86376
74965+769,75734
13877+392,14269
26643+737,27380
994+50654,51648
6562+4335,10897
206+88249,88455
6347+798,7145
9200+5255,14455
2453+770,3223
153+55674,55827
850+35047,35897
51109+734,51843
453+56487,56940
7265+519,7784
4976+9950,14926
536+7687,8223
5279+676,5955
678+231,909
50936+807,51743
186+5239,5425
5555+4524,10079
463+32524,32987
58123+972,59095
2050+5034,7084
31080+714,31794
375+813,1188
275+222,497
773+888,1661
32430+754,33184
5139+1449,6588
94313+335,94648
5544+1038,6582
7625+303,7928
8152+6918,15070
733+95884,96617
916+9011,9927
738+1280,2018
99529+891,100420
837+7110,7947
35628+436,36064
897+65583,66480
367+503,870
503+181,684
94032+704,94736
813+80878,81691
665+14320,14985
9035+960,9995
447+89891,90338
885+16177,17062
9724+6923,16647
975+61490,62465
905+694,1599
72598+174,72772
300+38006,38306
4915+326,5241
137+1888,2025
518+725,1243
920+4479,5399
411+72451,72862
4801+283,5084
719+7398,8117
6093+7947,14040
284+171,455
44990+933,45923
58880+658,59538
6041+636,6677
6921+509,7430
3191+717,3908
669+523,1192
3292+538,3830
6633+142,6775
8458+369,8827
781+9347,10128
774+1928,2702
1256+814,2070
74476+802,75278
176+87101,87277
79325+380,79705
9621+7457,17078
6878+145,7023
151+379,530
408+4216,4624
580+78474,79054
5274+1025,6299
306+6143,6449
686+7626,8312
998+2169,3167
65250+832,66082
1707+556,2263
522+40822,41344
866+69505,70371
261+665,926
8949+5632,14581
580+13374,13954
974+638,1612
2654+820,3474
834+69865,70699
4306+103,4409
182+831,1013
91068+325,91393
31959+679,32638
880+43543,44423
9250+9403,18653
88684+313,88997
3219+998,4217
3218+119,3337
92922+305,93227
437+36363,36800
321+554,875
99113+481,99594
13632+503,14135
860+634,1494
249+102,351
44990+533,45523
1669+972,2641
722+391,1113
271+12675,12946
540+8289,8829
757+8497,9254
26644+633,27277
493+6418,6911
737+63018,63755
752+90398,91150
1454+809,2263
638+69411,70049
1375+4108,5483
1512+224,1736
205+318,523
743+527,1270
313+2209,2522
162+37248,37410
7150+8335,15485
858+819,1677
7337+4760,12097
821+9353,10174
295+47829,48124
1358+5735,7093
272+167,439
5365+480,5845
5889+9800,15689
1499+687,2186
592+657,1249
356+868,1224
24627+775,25402
519+80391,80910
239+313,552
47442+464,47906
8921+801,9722
836+355,1191
4625+877,5502
143+22676,22819
471+72587,73058
141+60789,60930
193+9526,9719
700+93846,94546
2980+6294,9274
4361+895,5256
916+75441,76357
495+1276,1771
7983+2998,10981
7690+336,8026
85398+499,85897
15682+532,16214
751+35389,36140
309+8239,8548
9399+8423,17822
363+79895,80258
1812+1350,3162
178+4381,4559
5212+891,6103
337+53034,53371
825+31696,32521
101+96345,96446
4867+6541,11408
38905+434,39339
6325+301,6626
26252+249,26501
5732+678,6410
8488+9849,18337
1096+2047,3143
706+581,1287
8360+861,9221
507+548,1055
72617+263,72880
635+29781,30416
9001+2478,11479
12523+905,13428
765+253,1018
2011+8989,11000
581+1091,1672
878+4932,5810
39334+634,39968
608+8062,8670
8734+9623,18357
8632+7200,15832
2808+7147,9955
317+9313,9630
12472+486,12958
357+20427,20784
1277+6589,7866
9574+9440,19014
212+855,1067
138+734,872
548+300,848
746+778,1524
83365+304,83669
27539+731,28270
964+54260,55224
697+6472,7169
7043+284,7327
74024+292,74316
301+59415,59716
498+9992,10490
9032+2097,11129
233+873,1106
4435+8305,12740
730+828,1558
386+40215,40601
4241+5906,10147
595+792,1387
8813+572,9385
507+524,1031
9278+272,9550
477+439,916
2731+702,3433
486+1863,2349
347+174,521
278+539,817
846+1590,2436
6157+510,6667
93184+520,93704
9866+8969,18835
2064+545,2609
19526+614,20140
1148+9759,10907
989+2765,3754
6815+3880,10695
2096+4918,7014
685+19692,20377
3085+154,3239
212+135,347
853+9430,10283
815+62830,63645
58791+334,59125
278+20962,21240
140+489,629
239+18198,18437
512+284,796
16637+309,16946
6419+803,7222
1518+6525,8043
965+17651,18616
278+69186,69464
24284+641,24925
2984+6075,9059
454+7364,7818
8502+2304,10806
760+344,1104
998+103,1101
6510+8733,15243
909+3016,3925
4129+5864,9993
223+70738,70961
5235+314,5549
19431+935,20366
7545+1933,9478
6252+892,7144
563+54878,55441
49352+169,49521
884+96484,97368
682+557,1239
792+15518,16310
6536+6997,13533
30953+303,31256
8736+8917,17653
8305+338,8643
3522+733,4255
592+59789,60381
603+23481,24084
6636+215,6851
716+52486,53202
110+60946,61056
913+8543,9456
280+4385,4665
266+4899,5165
897+52684,53581
9161+413,9574
1219+182,1401
2806+7387,10193
88644+314,88958
931+344,1275
7880+4434,12314
48736+936,49672
4069+984,5053
890+75302,76192
862+49047,49909
192+1430,1622
11374+700,12074
3884+8558,12442
554+4517,5071
45197+988,46185
695+67213,67908
4773+3965,8738
784+779,1563
846+125,971
753+71285,72038
968+81628,82596
228+415,643
5749+925,6674
894+97757,98651
36665+230,36895
910+813,1723
316+9872,10188
97796+611,98407
465+102,567
803+80506,81309
566+6081,6647
89560+703,90263
782+4679,5461
6282+673,6955
30365+299,30664
144+6893,7037
3995+336,4331
287+128,415
345+1682,2027
963+114,1077
929+14181,15110
90546+757,91303
689+43816,44505
49178+961,50139
5193+403,5596
613+93462,94075
788+65987,66775
70009+814,70823
124+7059,7183
3019+8845,11864
727+16711,17438
184+106,290
437+109,546
9660+856,10516
818+7927,8745
672+1894,2566
63614+130,63744
577+44962,45539
5195+657,5852
374+28278,28652
94512+962,95474
5802+2799,8601
315+67201,67516
77459+504,77963
940+24725,25665
309+69515,69824
2601+495,3096
783+75489,76272
31693+783,32476
155+410,565
750+443,1193
64764+875,65639
951+7495,8446
882+70013,70895
4928+8429,13357
6062+4513,10575
92717+514,93231
178+31527,31705
297+9577,9874
654+378,1032
98198+127,98325
4960+205,5165
245+195,440
571+8908,9479
64715+533,65248
686+22396,23082
9285+984,10269
734+123,857
9621+8884,18505
808+493,1301
394+53782,54176
173+635,808
64056+189,64245
70351+583,70934
8737+4080,12817
8523+3676,12199
9192+309,9501
954+2876,3830
330+95987,96317
9692+619,10311
9070+764,9834
445+440,885
244+8726,8970
33917+281,34198
6526+9415,15941
878+28229,29107
1231+3954,5185
940+832,1772
49136+144,49280
889+4409,5298
709+360,1069
3683+468,4151
1671+283,1954
7481+8484,15965
2004+888,2892
249+479,728
352+8007,8359
77918+740,78658
85637+103,85740
583+342,925
190+660,850
1304+915,2219
959+58586,59545
8634+6561,15195
3808+880,4688
7441+3175,10616
17845+328,18173
7245+628,7873
136+175,311
17923+429,18352
7282+249,7531
252+132,384
244+876,1120
821+464,1285
9811+4541,14352
6561+644,7205
4402+651,5053
20623+427,21050
2855+6196,9051
99043+840,99883
9632+6921,16553
336+628,964
622+501,1123
678+12549,13227
943+7990,8933
4663+288,4951
935+40148,41083
333+969,1302
349+906,1255
88071+168,88239
9466+851,10317
7924+137,8061
7505+1235,8740
29785+831,30616
276+9918,10194
359+44665,45024
258+8821,9079
924+3153,4077
10570+450,11020
9250+499,9749
9756+548,10304
523+15737,16260
74682+578,75260
8926+6534,15460
20250+116,20366
37132+616,37748
3939+4581,8520
5111+1137,6248
8635+138,8773
3463+9246,12709
706+364,1070
86760+303,87063
478+64304,64782
336+867,1203
606+566,1172
3769+9998,13767
71842+412,72254
716+4035,4751
2904+189,3093
994+694,1688
499+90424,90923
7430+629,8059
5877+573,6450
11810+248,12058
215+56462,56677
85590+643,86233
62804+909,63713
949+20423,21372
7357+161,7518
77547+421,77968
7985+235,8220
8924+5196,14120
839+2183,3022
83157+734,83891
108+6598,6706
3151+4522,7673
32780+728,33508
834+973,1807
1981+6279,8260
951+6246,7197
153+44619,44772
519+648,1167
666+8001,8667
42417+425,42842
392+792,1184
749+31337,32086
88894+326,89220
206+60546,60752
7880+7590,15470
992+2914,3906
999+3109,4108
9217+955,10172
6110+9888,15998
708+46874,47582
363+2224,2587
470+93722,94192
7563+4212,11775
42257+854,43111
79121+961,80082
32999+700,33699
760+9797,10557
7546+9554,17100
492+56239,56731
228+56990,57218
334+3536,3870
928+79682,80610
4953+134,5087
1446+3211,4657
3412+126,3538
352+1455,1807
1816+357,2173
6719+9933,16652
29361+592,29953
215+691,906
3642+580,4222
2338+3098,5436
8151+390,8541
3246+8911,12157
9574+822,10396
37069+822,37891
966+51691,52657
7582+7820,15402
5400+770,6170
461+9598,10059
519+421,940
41588+472,42060
126+9513,9639
443+628,1071
378+5770,6148
884+427,1311
562+869,1431
59342+326,59668
1275+7167,8442
502+73750,74252
480+950,1430
83202+219,83421
880+338,1218
616+648,1264
3725+246,3971
1721+704,2425
2094+405,2499
5915+824,6739
265+94885,95150
5388+2449,7837
608+456,1064
9306+432,9738
8074+1991,10065
8651+644,9295
3269+5300,8569
8882+786,9668
739+371,1110
707+9524,10231
221+9372,9593
134+106,240
98308+753,99061
776+19044,19820
222+76168,76390
794+49037,49831
754+1047,1801
3284+407,3691
586+90410,90996
5155+889,6044
860+4650,5510
105+36843,36948
671+10458,11129
709+8931,9640
385+4212,4597
197+9903,10100
354+923,1277
258+897,1155
719+8132,8851
74606+261,74867
82174+859,83033
711+76745,77456
340+8422,8762
257+3908,4165
91109+832,91941
119+207,326
76135+118,76253
466+354,820
6085+1025,7110
1399+663,2062
167+7130,7297
67095+609,67704
4547+4453,9000
738+520,1258
9916+632,10548
7616+8483,16099
83279+776,84055
567+70383,70950
83703+573,84276
490+731,1221
7117+178,7295
12858+525,13383
194+797,991
928+48970,49898
2987+5270,8257
196+95977,96173
33827+858,34685
6270+3858,10128
5791+2631,8422
996+378,1374
5954+501,6455
381+99659,100040
475+804,1279
746+8330,9076
9346+764,10110
1803+892,2695
359+30001,30360
751+694,1445
482+19768,20250
4556+5540,10096
3370+7327,10697
7254+585,7839
71070+898,71968
26084+622,26706
7573+856,8429
601+3384,3985
77544+380,77924
3029+980,4009
228+9000,9228
958+660,1618
9641+843,10484
908+5413,6321
1198+987,2185
924+7902,8826
236+6304,6540
255+4570,4825
866+46596,47462
4095+816,4911
91091+759,91850
1457+353,1810
225+184,409
1638+5653,7291
56323+253,56576
4903+6734,11637
278+463,741
4432+308,4740
847+63129,63976
267+63109,63376
458+29774,30232
4024+1613,5637
8010+610,8620
5428+118,5546
727+8206,8933
8271+215,8486
8420+4486,12906
4479+5195,9674
542+118,660
489+34547,35036
301+825,1126
610+49728,50338
963+6288,7251
7058+3481,10539
8243+9993,18236
2925+301,3226
651+417,1068
72913+208,73121
2853+152,3005
169+620,789
2555+217,2772
47741+854,48595
665+3271,3936
183+21980,22163
6780+8752,15532
74278+113,74391
7076+527,7603
6368+1114,7482
184+372,556
937+99314,100251
3789+345,4134
196+58938,59134
4737+9144,13881
382+20424,20806
786+419,1205
951+9527,10478
9926+706,10632
47534+495,48029
72661+953,73614
742+51209,51951
939+8762,9701
580+48090,48670
153+93154,93307
5208+688,5896
736+36192,36928
34198+630,34828
1261+439,1700
808+77618,78426
6727+951,7678
234+3809,4043
376+811,1187
880+688,1568
551+2818,3369
54207+514,54721
3740+218,3958
552+509,1061
465+751,1216
1630+8710,10340
4129+7547,11676
4197+585,4782
224+900,1124
739+9368,10107
547+594,1141
4106+473,4579
68504+990,69494
5420+4044,9464
489+34016,34505
561+517,1078
825+5368,6193
39001+950,39951
764+1122,1886
579+9673,10252
85970+277,86247
634+7558,8192
2712+708,3420
1923+4042,5965
22920+410,23330
73787+657,74444
2433+847,3280
822+95072,95894
8793+769,9562
33209+404,33613
460+466,926
545+30782,31327
5759+296,6055
732+13737,14469
242+27888,28130
23986+502,24488
130+97446,97576
262+62776,63038
7497+9838,17335
376+36454,36830
3242+4106,7348
8378+4355,12733
598+462,1060
3722+7350,11072
651+66735,67386
8346+335,8681
80691+957,81648
5591+1775,7366
740+383,1123
594+54892,55486
37496+245,37741
445+22143,22588
2462+2292,4754
49886+562,50448
3618+626,4244
4743+281,5024
421+71290,71711
912+68472,69384
94027+300,94327
9735+466,10201
672+2736,3408
481+277,758
410+3086,3496
19919+729,20648
8995+7360,16355
607+6549,7156
5620+2728,8348
157+287,444
8031+587,8618
2003+9288,11291
97059+857,97916
652+88945,89597
208+51692,51900
952+7931,8883
930+981,1911
923+941,1864
6775+271,7046
26031+565,26596
9477+5318,14795
843+50622,51465
4985+212,5197
512+5427,5939
558+229,787
3352+543,3895
739+548,1287
497+678,1175
8625+309,8934
17176+302,17478
93259+846,94105
74168+823,74991
131+187,318
758+54682,55440
437+63444,63881
518+794,1312
5128+186,5314
284+537,821
862+7161,8023
213+404,617
126+4323,4449
437+38460,38897
647+439,1086
536+67994,68530
5163+214,5377
55353+898,56251
97314+548,97862
450+399,849
47666+865,48531
6235+180,6415
80269+555,80824
123+781,904
719+1230,1949
61305+979,62284
8298+121,8419
441+6057,6498
201+96238,96439
8100+225,8325
238+80384,80622
2443+3120,5563
31540+712,32252
638+2931,3569
757+881,1638
3493+263,3756
14294+888,15182
493+1105,1598
443+9524,9967
332+85517,85849
7531+7691,15222
94432+788,95220
392+634,1026
150+8089,8239
65276+812,66088
615+30163,30778
456+152,608
4432+477,4909
88885+351,89236
7621+739,8360
9097+577,9674
1531+663,2194
7765+731,8496
506+8096,8602
554+455,1009
26720+876,27596
3972+4932,8904
209+494,703
448+4558,5006
9476+291,9767
968+78649,79617
175+385,560
3860+2039,5899
89160+932,90092
74922+844,75766
5464+745,6209
304+3756,4060
177+20303,20480
5305+215,5520
172+973,1145
692+77333,78025
504+1204,1708
6272+8358,14630
896+38109,39005
640+541,1181
8880+3504,12384
796+67702,68498
406+7224,7630
8037+1422,9459
8716+2060,10776
193+19811,20004
739+743,1482
5515+8192,13707
7482+395,7877
947+775,1722
67622+141,67763
2339+7614,9953
159+55386,55545
8095+918,9013
714+3651,4365
5326+614,5940
965+546,1511
703+9625,10328
8622+689,9311
211+9732,9943
411+1438,1849
7254+624,7878
7411+7445,14856
528+1554,2082
85126+326,85452
3592+893,4485
22400+359,22759
6692+658,7350
9655+3748,13403
236+44755,44991
6478+9588,16066
28051+619,28670
9018+9937,18955
19436+920,20356
2823+657,3480
5223+162,5385
238+774,1012
6643+2193,8836
968+1307,2275
578+60110,60688
98692+709,99401
3586+533,4119
33553+670,34223
673+12977,13650
253+4657,4910
9986+508,10494
443+1687,2130
545+506,1051
540+91145,91685
820+464,1284
84922+535,85457
457+326,783
2483+5661,8144
953+535,1488
6467+3227,9694
813+55112,55925
674+68236,68910
12871+133,13004
975+2071,3046
1830+992,2822
6240+5874,12114
92631+324,92955
471+1214,1685
73055+557,73612
79916+524,80440
20205+237,20442
314+691,1005
8761+1185,9946
558+844,1402
4389+130,4519
6834+675,7509
441+935,1376
157+3759,3916
68890+568,69458
990+7307,8297
9432+9139,18571
188+6357,6545
69907+368,70275
34524+710,35234
740+395,1135
7412+728,8140
3770+538,4308
802+3947,4749
1281+159,1440
774+9716,10490
388+61713,62101
589+426,1015
28722+572,29294
801+8018,8819
142+9552,9694
9863+3650,13513
8457+320,8777
654+53947,54601
2448+437,2885
741+56019,56760
6205+961,7166
5798+3781,9579
4531+7727,12258
156+56384,56540
500+799,1299
217+39571,39788
9209+326,9535
459+87895,88354
244+39621,39865
201+704,905
30090+883,30973
5848+200,6048
131+602,733
75087+578,75665
1528+940,2468
2621+5437,8058
200+2812,3012
833+302,1135
854+2679,3533
9105+975,10080
424+41927,42351
393+877,1270
154+2055,2209
841+8521,9362
6256+7263,13519
397+77854,78251
9868+282,10150
665+99887,100552
5164+341,5505
439+577,1016
2830+5501,8331
2450+820,3270
681+573,1254
394+1261,1655
583+516,1099
27347+652,27999
3185+1354,4539
273+916,1189
154+7704,7858
80747+698,81445
19518+276,19794
4694+892,5586
7387+7197,14584
57195+340,57535
313+299,612
9771+983,10754
879+276,1155
9251+7982,17233
369+976,1345
8078+152,8230
437+3835,4272
1036+9292,10328
18688+771,19459
2399+3929,6328
389+226,615
866+283,1149
14988+517,15505
7463+954,8417
41811+394,42205
76840+979,77819
67317+404,67721
208+642,850
8594+6090,14684
3780+636,4416
568+812,1380
856+49756,50612
644+14551,15195
745+34952,35697
960+1651,2611
640+307,947
6504+5010,11514
820+612,1432
268+44980,45248
235+6407,6642
889+604,1493
86584+960,87544
48222+914,49136
81049+319,81368
5246+2049,7295
636+9357,9993
5907+1113,7020
9659+158,9817
310+19158,19468
5904+9609,15513
3713+6146,9859
6951+3692,10643
900+1756,2656
419+169,588
2494+2624,5118
431+7060,7491
426+5852,6278
321+63962,64283
8875+3091,11966
561+13316,13877
239+32372,32611
185+849,1034
940+1939,2879
235+465,700
4810+756,5566
88850+370,89220
389+616,1005
3369+5554,8923
55946+365,56311
7336+719,8055
583+25654,26237
71484+692,72176
2506+8301,10807
7831+2368,10199
7592+119,7711
2140+7524,9664
4642+6893,11535
94337+678,95015
7621+4197,11818
3925+8743,12668
879+8451,9330
477+46509,46986
3697+7949,11646
50747+768,51515
5173+211,5384
737+502,1239
7343+461,7804
7205+8602,15807
9556+4089,13645
1109+955,2064
8557+3693,12250
746+44178,44924
4159+617,4776
6444+7880,14324
5559+571,6130
1616+961,2577
7259+4403,11662
77962+389,78351
637+853,1490
5156+564,5720
464+9274,9738
867+4198,5065
811+4308,5119
4192+832,5024
299+421,720
87454+195,87649
98367+405,98772
2829+7547,10376
8775+970,9745
130+9163,9293
71180+221,71401
133+292,425
9356+581,9937
7012+7105,14117
111+58246,58357
858+593,1451
345+317,662
761+54676,55437
126+217,343
924+37366,38290
36602+566,37168
413+139,552
21368+108,21476
6390+2108,8498
14267+855,15122
477+6176,6653
600+89159,89759
863+250,1113
227+6850,7077
71677+111,71788
114+7281,7395
58080+158,58238
475+2784,3259
1542+6735,8277
760+6634,7394
648+55185,55833
7951+487,8438
1076+969,2045
559+107,666
28340+106,28446
968+7093,8061
743+86650,87393
85729+695,86424
62035+127,62162
181+4187,4368
30590+680,31270
568+3778,4346
298+781,1079
765+8173,8938
6407+5738,12145
8462+2698,11160
422+9243,9665
9659+321,9980
848+64504,65352
249+245,494
11773+699,12472
812+264,1076
893+56215,57108
238+309,547
632+753,1385
24889+115,25004
1249+4363,5612
765+214,979
542+467,1009
9136+472,9608
1130+2908,4038
376+55297,55673
801+33793,34594
716+9759,10475
271+238,509
971+3298,4269
3788+569,4357
652+58178,58830
9817+6734,16551
473+1743,2216
4811+8507,13318
9330+7435,16765
967+238,1205
82367+483,82850
314+59875,60189
961+91875,92836
24229+336,24565
778+5680,6458
431+25431,25862
807+929,1736
8004+571,8575
498+52919,53417
653+3786,4439
244+59849,60093
136+5508,5644
141+546,687
479+6390,6869
509+33819,34328
332+9903,10235
993+3554,4547
305+1961,2266
697+73113,73810
9648+534,10182
659+7163,7822
31292+520,31812
16699+219,16918
435+12072,12507
354+42415,42769
721+5741,6462
594+514,1108
756+14412,15168
6603+6489,13092
43912+171,44083
1254+1660,2914
7787+800,8587
5373+175,5548
719+434,1153
9654+1185,10839
4470+525,4995
6752+461,7213
795+41003,41798
893+22093,22986
1704+809,2513
493+44945,45438
571+41155,41726
4041+3404,7445
211+975,1186
2395+564,2959
139+70165,70304
69853+109,69962
376+661,1037
22622+987,23609
443+97928,98371
1730+890,2620
819+563,1382
399+9651,10050
8803+4784,13587
730+9352,10082
4522+884,5406
932+451,1383
989+389,1378
85501+243,85744
7675+172,7847
5619+6470,12089
4408+662,5070
825+2844,3669
7308+4933,12241
732+353,1085
933+325,1258
782+7908,8690
6485+9538,16023
426+14497,14923
580+637,1217
440+738,1178
956+25895,26851
900+3995,4895
480+16713,17193
530+646,1176
4552+2290,6842
134+64376,64510
4895+3016,7911
170+155,325
496+409,905
31195+866,32061
46303+360,46663
317+7410,7727
242+940,1182
2051+2422,4473
67015+795,67810
14734+623,15357
943+481,1424
2058+7371,9429
883+535,1418
681+671,1352
665+494,1159
521+16855,17376
9400+946,10346
136+66480,66616
262+186,448
653+853,1506
997+90092,91089
8471+812,9283
422+302,724
85486+858,86344
170+2086,2256
7565+687,8252
327+9355,9682
797+63297,64094
8353+693,9046
819+10537,11356
631+867,1498
6867+2939,9806
244+6245,6489
3374+8224,11598
8226+185,8411
573+21283,21856
4588+8923,13511
557+2210,2767
296+7909,8205
537+2640,3177
203+37403,37606
119+26284,26403
991+855,1846
4257+6463,10720
7056+3966,11022
8084+599,8683
152+4449,4601
75573+330,75903
1785+4456,6241
3165+120,3285
11929+770,12699
9072+2532,11604
211+33583,33794
8841+8017,16858
135+6524,6659
456+95674,96130
157+6192,6349
6947+9157,16104
435+43062,43497
947+72423,73370
16986+296,17282
482+7399,7881
294+771,1065
608+12428,13036
5496+8382,13878
789+951,1740
242+18996,19238
729+537,1266
567+904,1471
867+59281,60148
489+8329,8818
750+323,1073
29851+849,30700
7470+7873,15343
8892+2612,11504
879+312,1191
3330+946,4276
557+23013,23570
74644+653,75297
523+925,1448
626+35777,36403
1110+426,1536
2761+670,3431
2046+2715,4761
714+453,1167
88842+365,89207
3210+2700,5910
833+50600,51433
163+57054,57217
6192+7035,13227
765+1811,2576
485+3441,3926
413+37655,38068
435+33694,34129
993+710,1703
419+50462,50881
10902+963,11865
8948+5633,14581
107+43688,43795
180+3573,3753
245+1746,1991
1668+8788,10456
733+93344,94077
3139+4614,7753
520+712,1232
761+114,875
902+116,1018
172+2347,2519
686+89673,90359
668+701,1369
160+308,468
116+3033,3149
848+551,1399
3886+322,4208
92656+404,93060
462+995,1457
441+2309,2750
288+5480,5768
210+907,1117
6232+821,7053
39122+542,39664
300+97768,98068
684+10709,11393
356+1340,1696
